{"eta_seconds": 2725.1577177671716, "fast_rcnn/cls_accuracy": 0.00927734375, "fast_rcnn/false_negative": 0.09375, "fast_rcnn/fg_cls_accuracy": 0.2692307692307692, "iteration": 8, "roi_head/num_bg_samples": 504.5, "roi_head/num_fg_samples": 7.5, "rpn/num_neg_anchors": 152.75, "rpn/num_pos_anchors": 103.25}
{"data_time": 0.03606763668358326, "iteration": 7, "loss_box_reg": 0.0014659729786217213, "loss_cls": 1.8486688137054443, "loss_rpn_cls": 0.7184911370277405, "loss_rpn_loc": 0.7214713990688324, "lr": 7.016516602568321e-06, "time": 1.8277382412925363, "total_loss": 3.3169164808350615}
{"data_time": 0.11039478704333305, "eta_seconds": 3198.0523578450084, "fast_rcnn/cls_accuracy": 0.6376953125, "fast_rcnn/false_negative": 0.3508891928864569, "fast_rcnn/fg_cls_accuracy": 0.245, "iteration": 19, "loss_box_reg": 0.0011281115002930164, "loss_cls": 1.2915952801704407, "loss_rpn_cls": 0.7579103708267212, "loss_rpn_loc": 0.8116264045238495, "lr": 1.8873402206971156e-05, "roi_head/num_bg_samples": 504.75, "roi_head/num_fg_samples": 7.25, "rpn/num_neg_anchors": 150.25, "rpn/num_pos_anchors": 105.75, "time": 2.1608461877331138, "total_loss": 2.7705946697387844}
{"data_time": 0.03201704099774361, "eta_seconds": 2664.997387137264, "fast_rcnn/cls_accuracy": 0.964599609375, "fast_rcnn/false_negative": 0.528782894736842, "fast_rcnn/fg_cls_accuracy": 0.16228070175438597, "iteration": 39, "loss_box_reg": 0.0010141849052160978, "loss_cls": 0.9662933051586151, "loss_rpn_cls": 0.7429551184177399, "loss_rpn_loc": 0.7706857621669769, "lr": 3.8634878214309214e-05, "roi_head/num_bg_samples": 504.25, "roi_head/num_fg_samples": 7.75, "rpn/num_neg_anchors": 155.125, "rpn/num_pos_anchors": 100.875, "time": 1.7520350459963083, "total_loss": 2.4531360139371827}
{"data_time": 0.029176718555390835, "eta_seconds": 2617.310834079981, "fast_rcnn/cls_accuracy": 0.9853515625, "fast_rcnn/false_negative": 0.9225490196078432, "fast_rcnn/fg_cls_accuracy": 0.013888888888888888, "iteration": 59, "loss_box_reg": 0.0010527530685067177, "loss_cls": 0.3496495932340622, "loss_rpn_cls": 0.7052457630634308, "loss_rpn_loc": 0.7440006136894226, "lr": 5.839635422164726e-05, "roi_head/num_bg_samples": 504.375, "roi_head/num_fg_samples": 7.625, "rpn/num_neg_anchors": 154.125, "rpn/num_pos_anchors": 101.875, "time": 1.7701224386692047, "total_loss": 1.7978278256487101}
{"data_time": 0.029754307121038437, "eta_seconds": 2513.162807635963, "fast_rcnn/cls_accuracy": 0.986083984375, "fast_rcnn/false_negative": 1.0, "fast_rcnn/fg_cls_accuracy": 0.0, "iteration": 79, "loss_box_reg": 0.0009944220655597746, "loss_cls": 0.062105149030685425, "loss_rpn_cls": 0.6529845297336578, "loss_rpn_loc": 0.7004731297492981, "lr": 7.815783022898534e-05, "roi_head/num_bg_samples": 504.875, "roi_head/num_fg_samples": 7.125, "rpn/num_neg_anchors": 152.625, "rpn/num_pos_anchors": 103.375, "time": 1.7332489304244518, "total_loss": 1.433086204866413}
{"data_time": 0.030009462498128414, "eta_seconds": 2465.3763754293323, "fast_rcnn/cls_accuracy": 0.986083984375, "fast_rcnn/false_negative": 1.0, "fast_rcnn/fg_cls_accuracy": 0.0, "iteration": 99, "loss_box_reg": 0.0007952710438985378, "loss_cls": 0.05420116148889065, "loss_rpn_cls": 0.5594968199729919, "loss_rpn_loc": 0.5986457765102386, "lr": 9.791930623632339e-05, "roi_head/num_bg_samples": 504.875, "roi_head/num_fg_samples": 7.125, "rpn/num_neg_anchors": 157.0, "rpn/num_pos_anchors": 99.0, "time": 1.7587267234921455, "total_loss": 1.2298213733301964}
{"data_time": 0.0294084120541811, "eta_seconds": 2430.156712923199, "fast_rcnn/cls_accuracy": 0.96484375, "fast_rcnn/false_negative": 1.0, "fast_rcnn/fg_cls_accuracy": 0.0, "iteration": 119, "loss_box_reg": 0.08407957851886749, "loss_cls": 0.24179035425186157, "loss_rpn_cls": 0.4303378164768219, "loss_rpn_loc": 0.5464121103286743, "lr": 9.845509456448643e-05, "roi_head/num_bg_samples": 494.0, "roi_head/num_fg_samples": 18.0, "rpn/num_neg_anchors": 157.0, "rpn/num_pos_anchors": 99.0, "time": 1.7666726615279913, "total_loss": 1.293970949947834}
{"data_time": 0.026961591094732285, "eta_seconds": 2394.9370504170656, "fast_rcnn/cls_accuracy": 0.960205078125, "fast_rcnn/false_negative": 1.0, "fast_rcnn/fg_cls_accuracy": 0.0, "iteration": 139, "loss_box_reg": 0.11427600309252739, "loss_cls": 0.2359573021531105, "loss_rpn_cls": 0.2813359349966049, "loss_rpn_loc": 0.5217303037643433, "lr": 9.789613721168139e-05, "roi_head/num_bg_samples": 491.625, "roi_head/num_fg_samples": 20.375, "rpn/num_neg_anchors": 155.0, "rpn/num_pos_anchors": 101.0, "time": 1.7572963051497936, "total_loss": 1.1648391000926495}
{"data_time": 0.029271546751260757, "eta_seconds": 2368.0588306859136, "fast_rcnn/cls_accuracy": 0.962158203125, "fast_rcnn/false_negative": 1.0, "fast_rcnn/fg_cls_accuracy": 0.0, "iteration": 159, "loss_box_reg": 0.10568484291434288, "loss_cls": 0.19984765350818634, "loss_rpn_cls": 0.18000636994838715, "loss_rpn_loc": 0.4377931207418442, "lr": 9.725315375899024e-05, "roi_head/num_bg_samples": 492.625, "roi_head/num_fg_samples": 19.375, "rpn/num_neg_anchors": 156.25, "rpn/num_pos_anchors": 99.75, "time": 1.7813386237248778, "total_loss": 0.9781692177057266}
{"data_time": 0.02951470296829939, "eta_seconds": 2331.217967569828, "fast_rcnn/cls_accuracy": 0.95751953125, "fast_rcnn/false_negative": 1.0, "fast_rcnn/fg_cls_accuracy": 0.0, "iteration": 179, "loss_box_reg": 0.11800755187869072, "loss_cls": 0.19939932972192764, "loss_rpn_cls": 0.12302671372890472, "loss_rpn_loc": 0.4674288332462311, "lr": 9.652727221787631e-05, "roi_head/num_bg_samples": 490.25, "roi_head/num_fg_samples": 21.75, "rpn/num_neg_anchors": 152.375, "rpn/num_pos_anchors": 103.625, "time": 1.7473077345639467, "total_loss": 0.916049325838685}
{"data_time": 0.02907830011099577, "eta_seconds": 2296.951782517135, "fast_rcnn/cls_accuracy": 0.948486328125, "fast_rcnn/false_negative": 1.0, "fast_rcnn/fg_cls_accuracy": 0.0, "iteration": 199, "loss_box_reg": 0.1514657959342003, "loss_cls": 0.223063163459301, "loss_rpn_cls": 0.09320356324315071, "loss_rpn_loc": 0.4353840798139572, "lr": 9.571976603121888e-05, "roi_head/num_bg_samples": 485.625, "roi_head/num_fg_samples": 26.375, "rpn/num_neg_anchors": 150.875, "rpn/num_pos_anchors": 105.125, "time": 1.7796175265684724, "total_loss": 0.8982171006500721}
{"data_time": 0.028701073490083218, "eta_seconds": 2259.174402952194, "fast_rcnn/cls_accuracy": 0.951171875, "fast_rcnn/false_negative": 1.0, "fast_rcnn/fg_cls_accuracy": 0.0, "iteration": 219, "loss_box_reg": 0.13905978947877884, "loss_cls": 0.18866616487503052, "loss_rpn_cls": 0.07599944621324539, "loss_rpn_loc": 0.374986007809639, "lr": 9.483205183926181e-05, "roi_head/num_bg_samples": 487.0, "roi_head/num_fg_samples": 25.0, "rpn/num_neg_anchors": 162.625, "rpn/num_pos_anchors": 93.375, "time": 1.719972607679665, "total_loss": 0.8031028993427753}
{"data_time": 0.027579929679632187, "eta_seconds": 2226.2763430550694, "fast_rcnn/cls_accuracy": 0.95166015625, "fast_rcnn/false_negative": 1.0, "fast_rcnn/fg_cls_accuracy": 0.0, "iteration": 239, "loss_box_reg": 0.13951638340950012, "loss_cls": 0.19486825168132782, "loss_rpn_cls": 0.06598653271794319, "loss_rpn_loc": 0.4157007485628128, "lr": 9.386568699434508e-05, "roi_head/num_bg_samples": 487.25, "roi_head/num_fg_samples": 24.75, "rpn/num_neg_anchors": 156.125, "rpn/num_pos_anchors": 99.875, "time": 1.7764738081023097, "total_loss": 0.8172373883426189}
{"data_time": 0.02678132988512516, "eta_seconds": 2191.7337791621685, "fast_rcnn/cls_accuracy": 0.951416015625, "fast_rcnn/false_negative": 1.0, "fast_rcnn/fg_cls_accuracy": 0.0, "iteration": 259, "loss_box_reg": 0.13700515031814575, "loss_cls": 0.19630008190870285, "loss_rpn_cls": 0.05469447188079357, "loss_rpn_loc": 0.38542966544628143, "lr": 9.282236682877967e-05, "roi_head/num_bg_samples": 487.125, "roi_head/num_fg_samples": 24.875, "rpn/num_neg_anchors": 168.0, "rpn/num_pos_anchors": 88.0, "time": 1.7742050783708692, "total_loss": 0.7564596608281136}
{"data_time": 0.02589194942265749,