{"data_time": 0.0013525420017685974, "eta_seconds": 1386.94428120034, "fast_rcnn/cls_accuracy": 0.3076171875, "fast_rcnn/false_negative": 0.125, "fast_rcnn/fg_cls_accuracy": 0.20703125, "iteration": 19, "loss_box_reg": 0.8550490140914917, "loss_cls": 1.5010102987289429, "loss_rpn_cls": 0.09199313819408417, "loss_rpn_loc": 0.1878095418214798, "lr": 4.99525e-06, "roi_head/num_bg_samples": 96.0, "roi_head/num_fg_samples": 32.0, "rpn/num_neg_anchors": 157.125, "rpn/num_pos_anchors": 98.875, "time": 4.623147604001133, "total_loss": 2.6696219192817807}
{"data_time": 0.0012980829997104593, "eta_seconds": 1287.0497558803618, "fast_rcnn/cls_accuracy": 0.6640625, "fast_rcnn/false_negative": 0.5840037128712872, "fast_rcnn/fg_cls_accuracy": 0.10546875, "iteration": 39, "loss_box_reg": 0.8536360263824463, "loss_cls": 1.2770016193389893, "loss_rpn_cls": 0.10080955550074577, "loss_rpn_loc": 0.22795259207487106, "lr": 9.99025e-06, "roi_head/num_bg_samples": 96.0, "roi_head/num_fg_samples": 32.0, "rpn/num_neg_anchors": 147.875, "rpn/num_pos_anchors": 108.125, "time": 4.578437333500915, "total_loss": 2.481966335326433}
{"data_time": 0.0013079170003038598, "eta_seconds": 1199.726482500082, "fast_rcnn/cls_accuracy": 0.75390625, "fast_rcnn/false_negative": 0.97265625, "fast_rcnn/fg_cls_accuracy": 0.015625, "iteration": 59, "loss_box_reg": 0.8638459742069244, "loss_cls": 0.942543089389801, "loss_rpn_cls": 0.05857977457344532, "loss_rpn_loc": 0.2022547349333763, "lr": 1.498525e-05, "roi_head/num_bg_samples": 96.0, "roi_head/num_fg_samples": 32.0, "rpn/num_neg_anchors": 149.25, "rpn/num_pos_anchors": 106.75, "time": 4.6440352914996765, "total_loss": 2.1162373404949903}
{"data_time": 0.001433396000720677, "eta_seconds": 1113.4992249595234, "fast_rcnn/cls_accuracy": 0.75, "fast_rcnn/false_negative": 1.0, "fast_rcnn/fg_cls_accuracy": 0.0, "iteration": 79, "loss_box_reg": 0.8353061079978943, "loss_cls": 0.7649903297424316, "loss_rpn_cls": 0.048815811052918434, "loss_rpn_loc": 0.19688664376735687, "lr": 1.9980250000000002e-05, "roi_head/num_bg_samples": 96.0, "roi_head/num_fg_samples": 32.0, "rpn/num_neg_anchors": 149.625, "rpn/num_pos_anchors": 106.375, "time": 4.67162129099961, "total_loss": 1.8860428892076015}
{"data_time": 0.0012970000007044291, "eta_seconds": 1015.0573903802069, "fast_rcnn/cls_accuracy": 0.75, "fast_rcnn/false_negative": 1.0, "fast_rcnn/fg_cls_accuracy": 0.0, "iteration": 99, "loss_box_reg": 0.8448525071144104, "loss_cls": 0.6923706829547882, "loss_rpn_cls": 0.043063534423708916, "loss_rpn_loc": 0.1760478988289833, "lr": 2.497525e-05, "roi_head/num_bg_samples": 96.0, "roi_head/num_fg_samples": 32.0, "rpn/num_neg_anchors": 160.25, "rpn/num_pos_anchors": 95.75, "time": 4.462606270501055, "total_loss": 1.7964558955281973}
{"data_time": 0.0012346464991424, "eta_seconds": 917.9126041999552, "fast_rcnn/cls_accuracy": 0.75390625, "fast_rcnn/false_negative": 0.9920634920634921, "fast_rcnn/fg_cls_accuracy": 0.007936507936507936, "iteration": 119, "loss_box_reg": 0.8373306095600128, "loss_cls": 0.6333995461463928, "loss_rpn_cls": 0.04381943121552467, "loss_rpn_loc": 0.15387365967035294, "lr": 2.9970250000000003e-05, "roi_head/num_bg_samples": 96.0, "roi_head/num_fg_samples": 32.0, "rpn/num_neg_anchors": 154.875, "rpn/num_pos_anchors": 101.125, "time": 4.56434847950004, "total_loss": 1.702133560553193}
{"data_time": 0.0012630415003513917, "eta_seconds": 822.6673350299461, "fast_rcnn/cls_accuracy": 0.7646484375, "fast_rcnn/false_negative": 0.9296875, "fast_rcnn/fg_cls_accuracy": 0.052767478813559324, "iteration": 139, "loss_box_reg": 0.8119199573993683, "loss_cls": 0.6138554811477661, "loss_rpn_cls": 0.04226819425821304, "loss_rpn_loc": 0.18119829893112183, "lr": 3.4965250000000005e-05, "roi_head/num_bg_samples": 96.0, "roi_head/num_fg_samples": 32.0, "rpn/num_neg_anchors": 153.375, "rpn/num_pos_anchors": 102.625, "time": 4.4135205000020505, "total_loss": 1.6403307458385825}
{"data_time": 0.001256854498933535, "eta_seconds": 726.6033467199304, "fast_rcnn/cls_accuracy": 0.7744140625, "fast_rcnn/false_negative": 0.890625, "fast_rcnn/fg_cls_accuracy": 0.08984375, "iteration": 159, "loss_box_reg": 0.8300435543060303, "loss_cls": 0.5820887982845306, "loss_rpn_cls": 0.045020150020718575, "loss_rpn_loc": 0.19301923364400864, "lr": 3.996025e-05, "roi_head/num_bg_samples": 96.0, "roi_head/num_fg_samples": 32.0, "rpn/num_neg_anchors": 153.75, "rpn/num_pos_anchors": 102.25, "time": 4.423451811999257, "total_loss": 1.6369317099452019}
{"data_time": 0.0011986455028818455, "eta_seconds": 624.5640129401727, "fast_rcnn/cls_accuracy": 0.796875, "fast_rcnn/false_negative": 0.75, "fast_rcnn/fg_cls_accuracy": 0.17736585365853658, "iteration": 179, "loss_box_reg": 0.7877046465873718, "loss_cls": 0.5676351487636566, "loss_rpn_cls": 0.039752159267663956, "loss_rpn_loc": 0.17414698004722595, "lr": 4.4955249999999996e-05, "roi_head/num_bg_samples": 96.0, "roi_head/num_fg_samples": 32.0, "rpn/num_neg_anchors": 155.0, "rpn/num_pos_anchors": 101.0, "time": 4.36369379199823, "total_loss": 1.5282427035272121}
{"data_time": 0.0012462919949030038, "eta_seconds": 536.3898049804266, "fast_rcnn/cls_accuracy": 0.796875, "fast_rcnn/false_negative": 0.703125, "fast_rcnn/fg_cls_accuracy": 0.15625, "iteration": 199, "loss_box_reg": 0.7759512364864349, "loss_cls": 0.5340915620326996, "loss_rpn_cls": 0.03582414239645004, "loss_rpn_loc": 0.17248234152793884, "lr": 4.995025e-05, "roi_head/num_bg_samples": 96.0, "roi_head/num_fg_samples": 32.0, "rpn/num_neg_anchors": 153.5, "rpn/num_pos_anchors": 102.5, "time": 4.5182019584972295, "total_loss": 1.5492614638060331}
{"data_time": 0.0012680415020440705, "eta_seconds": 446.82947500041337, "fast_rcnn/cls_accuracy": 0.8203125, "fast_rcnn/false_negative": 0.55859375, "fast_rcnn/fg_cls_accuracy": 0.3277420343137255, "iteration": 219, "loss_box_reg": 0.7412392497062683, "loss_cls": 0.47403956949710846, "loss_rpn_cls": 0.03475739806890488, "loss_rpn_loc": 0.18029356002807617, "lr": 5.4945249999999994e-05, "roi_head/num_bg_samples": 96.0, "roi_head/num_fg_samples": 32.0, "rpn/num_neg_anchors": 149.875, "rpn/num_pos_anchors": 106.125, "time": 4.464668604003236, "total_loss": 1.4476155955344439}
{"data_time": 0.0014251874999899883, "eta_seconds": 358.1391449998773, "fast_rcnn/cls_accuracy": 0.8154296875, "fast_rcnn/false_negative": 0.50971875, "fast_rcnn/fg_cls_accuracy": 0.31640625, "iteration": 239, "loss_box_reg": 0.6945706009864807, "loss_cls": 0.4928756356239319, "loss_rpn_cls": 0.03311249613761902, "loss_rpn_loc": 0.18702072650194168, "lr": 5.994025e-05, "roi_head/num_bg_samples": 96.0, "roi_head/num_fg_samples": 32.0, "rpn/num_neg_anchors": 149.375, "rpn/num_pos_anchors": 106.625, "time": 4.609011666998413, "total_loss": 1.4012442529201508}
{"data_time": 0.0013631870024255477, "eta_seconds": 271.09211750983377, "fast_rcnn/cls_accuracy": 0.8251953125, "fast_rcnn/false_negative": 0.484375, "fast_rcnn/fg_cls_accuracy": 0.3828125, "iteration": 259, "loss_box_reg": 0.6632508635520935, "loss_cls": 0.44664157927036285, "loss_rpn_cls": 0.03482802212238312, "loss_rpn_loc": 0.1692613661289215, "lr": 6.493525e-05, "roi_head/num_bg_samples": 96.0, "roi_head/num_fg_samples": 32.0, "rpn/num_neg_anchors": 151.375, "rpn/num_pos_anchors": 104.625, "time": 4.942704250497627, "total_loss": 1.3294417057186365}
{"data_time": 0.0013732914994761813, "eta_seconds": 181.03587751989835, "fast_rcnn/cls_accuracy": 0.8232421875, "fast_rcnn/false_negative": 0.47265625, "fast_rcnn/fg_cls_accuracy": 0.4140625, "iteration": 279, "loss_box_reg": 0.6332237720489502, "loss_cls": 0.4254233241081238, "loss_rpn_cls": 0.03518306650221348, "loss_rpn_loc": 0.17135030031204224, "lr": 6.993025000000001e-05, "roi_head/num_bg_samples": 96.0, "roi_head/num_fg_samples": 32.0, "rpn/num_neg_anchors": 157.25, "rpn/num_pos_anchors": 98.75, "time": 4.705312937498093, "total_loss": 1.263687222264707}
{"data_time": 0.0012310414967942052, "eta_seconds": 90.7922404200508, "fast_rcnn/cls_accuracy": 0.8408203125,